movie_id;pemain_film
MV-1;Tim Robbins, Morgan Freeman, Bob Gunton, William Sadler
MV-2;Marlon Brando, Al Pacino, James Caan, Diane Keaton
MV-3;Christian Bale, Heath Ledger, Aaron Eckhart, Michael Caine
MV-4;Al Pacino, Robert De Niro, Robert Duvall, Diane Keaton
MV-5;John Travolta, Uma Thurman, Samuel L. Jackson, Bruce Willis
MV-6;Liam Neeson, Ralph Fiennes, Ben Kingsley, Caroline Goodall
MV-7;Elijah Wood, Viggo Mortensen, Ian McKellen, Orlando Bloom
MV-8;Henry Fonda, Lee J. Cobb, Martin Balsam, John Fiedler
MV-9;Clint Eastwood, Eli Wallach, Lee Van Cleef, Aldo Giuffrè
MV-10;Tom Hanks, Robin Wright, Gary Sinise, Sally Field
MV-11;Leonardo DiCaprio, Joseph Gordon-Levitt, Ellen Page, Ken Watanabe
MV-12;Elijah Wood, Ian McKellen, Orlando Bloom, Sean Bean
MV-13;Brad Pitt, Edward Norton, Meat Loaf, Zach Grenier
MV-14;Aamir Khan, Sakshi Tanwar, Fatima Sana Shaikh, Sanya Malhotra
MV-15;Mark Hamill, Harrison Ford, Carrie Fisher, Billy Dee Williams
MV-16;Mark Hamill, Harrison Ford, Carrie Fisher, Alec Guinness
MV-17;Keanu Reeves, Laurence Fishburne, Carrie-Anne Moss, Hugo Weaving
MV-18;Robert De Niro, Ray Liotta, Joe Pesci, Lorraine Bracco
MV-19;Jack Nicholson, Louise Fletcher, Will Sampson, Michael Berryman
MV-20;Alexandre Rodrigues, Leandro Firmino, Matheus Nachtergaele, Phellipe Haagensen
MV-21;Elijah Wood, Ian McKellen, Viggo Mortensen, Orlando Bloom
MV-22;Toshirô Mifune, Takashi Shimura, Keiko Tsushima, Yukiko Shimazaki
MV-23;Matthew McConaughey, Anne Hathaway, Jessica Chastain, Mackenzie Foy
MV-24;Ryûnosuke Kamiki, Mone Kamishiraishi, Ryô Narita, Aoi Yûki
MV-25;Jodie Foster, Anthony Hopkins, Lawrence A. Bonney, Kasi Lemmons
MV-26;Jean Reno, Gary Oldman, Natalie Portman, Danny Aiello
MV-27;Morgan Freeman, Brad Pitt, Kevin Spacey, Andrew Kevin Walker
MV-28;Tom Hanks, Matt Damon, Tom Sizemore, Edward Burns
MV-29;Kevin Spacey, Gabriel Byrne, Chazz Palminteri, Stephen Baldwin
MV-30;Daveigh Chase, Suzanne Pleshette, Miyu Irino, Rumi Hiiragi
MV-31;Roberto Benigni, Nicoletta Braschi, Giorgio Cantarini, Giustino Durano
MV-32;François Cluzet, Omar Sy, Anne Le Ny, Audrey Fleurot
MV-33;Henry Fonda, Charles Bronson, Claudia Cardinale, Jason Robards
MV-34;James Stewart, Donna Reed, Lionel Barrymore, Thomas Mitchell
MV-35;Charles Chaplin, Virginia Cherrill, Florence Lee, Harry Myers
MV-36;Çetin Tekindor, Fikret Kuskan, Hümeyra, Ege Tanman
MV-37;Sigourney Weaver, Tom Skerritt, John Hurt, Veronica Cartwright
MV-38;Christian Bale, Hugh Jackman, Scarlett Johansson, Michael Caine
MV-39;Russell Crowe, Joaquin Phoenix, Connie Nielsen, Oliver Reed
MV-40;Christian Bale, Tom Hardy, Anne Hathaway, Gary Oldman
MV-41;Miles Teller, J.K. Simmons, Melissa Benoist, Paul Reiser
MV-42;Guy Pearce, Carrie-Anne Moss, Joe Pantoliano, Mark Boone Junior
MV-43;Tom Hanks, Michael Clarke Duncan, David Morse, Bonnie Hunt
MV-44;Martin Sheen, Marlon Brando, Robert Duvall, Frederic Forrest
MV-45;Anthony Perkins, Janet Leigh, Vera Miles, John Gavin
MV-46;Harrison Ford, Karen Allen, Paul Freeman, John Rhys-Davies
MV-47;Arnold Schwarzenegger, Linda Hamilton, Edward Furlong, Robert Patrick
MV-48;Adrien Brody, Thomas Kretschmann, Frank Finlay, Emilia Fox
MV-49;Ulrich Mühe, Martina Gedeck, Sebastian Koch, Ulrich Tukur
MV-50;Peter Sellers, George C. Scott, Sterling Hayden, Keenan Wynn
MV-51;Edward Norton, Edward Furlong, Beverly D'Angelo, Jennifer Lien
MV-52;Michael J. Fox, Christopher Lloyd, Lea Thompson, Crispin Glover
MV-53;Robert De Niro, Sharon Stone, Joe Pesci, James Woods
MV-54;Bruce Willis, Alan Rickman, Bonnie Bedelia, Reginald VelJohnson
MV-55;Anthony Hopkins, John Hurt, Anne Bancroft, John Gielgud
MV-56;Albert Brooks, Ellen DeGeneres, Alexander Gould, Willem Dafoe
MV-57;Clint Eastwood, Bee Vang, Christopher Carley, Ahney Her
MV-58;Daniel Radcliffe, Rupert Grint, Richard Harris, Maggie Smith
MV-59;Harrison Ford, Kate Capshaw, Jonathan Ke Quan, Amrish Puri
MV-60;Sam Neill, Laura Dern, Jeff Goldblum, Richard Attenborough
MV-61;Uma Thurman, David Carradine, Daryl Hannah, Michael Madsen
MV-62;Hugh Jackman, Patrick Stewart, Dafne Keen, Boyd Holbrook
MV-63;Billy Crystal, John Goodman, Mary Gibbs, Steve Buscemi
MV-64;Duane Jones, Judith O'Dea, Karl Hardman, Marilyn Eastman
MV-65;George Clooney, Brad Pitt, Julia Roberts, Matt Damon
MV-66;Johnny Depp, Geoffrey Rush, Orlando Bloom, Keira Knightley
MV-67;Daniel Craig, Olga Kurylenko, Mathieu Amalric, Judi Dench
MV-68;Sylvester Stallone, Talia Shire, Burt Young, Carl Weathers
MV-69;Mike Myers, Eddie Murphy, Cameron Diaz, John Lithgow
MV-70;Liam Neeson, Maggie Grace, Famke Janssen, Leland Orser
MV-71;Edward Asner, Jordan Nagai, John Ratzenberger, Christopher Plummer
MV-72;Hugo Weaving, Natalie Portman, Rupert Graves, Stephen Rea
MV-73;Ben Burtt, Elissa Knight, Jeff Garlin, Fred Willard
MV-74;Patrick Stewart, Hugh Jackman, Ian McKellen, Famke Janssen
MV-75;Gene Wilder, Madeline Kahn, Marty Feldman, Peter Boyle
MV-76;Stanley Baker, Jack Hawkins, Ulla Jacobsson, James Booth
MV-77;Humphrey Bogart, Ingrid Bergman, Paul Henreid, Claude Rains
MV-78;James Stewart, Grace Kelly, Wendell Corey, Thelma Ritter
MV-79;William Holden, Gloria Swanson, Erich von Stroheim, Nancy Olson
MV-80;Tsutomu Tatsumi, Ayano Shiraishi, Akemi Yamaguchi, Yoshiko Shinohara
MV-81;Philippe Noiret, Enzo Cannavale, Antonella Attili, Isa Danieli
MV-82;Charles Chaplin, Paulette Goddard, Jack Oakie, Reginald Gardiner
MV-83;Charles Chaplin, Paulette Goddard, Henry Bergman, Tiny Sandford
MV-84;Kirk Douglas, Ralph Meeker, Adolphe Menjou, George Macready
MV-85;Darsheel Safary, Aamir Khan, Tisca Chopra, Vipin Sharma
MV-86;Sigourney Weaver, Michael Biehn, Carrie Henn, Paul Reiser
MV-87;Jamie Foxx, Christoph Waltz, Leonardo DiCaprio, Kerry Washington
MV-88;Kevin Spacey, Annette Bening, Thora Birch, Wes Bentley
MV-89;Jack Nicholson, Shelley Duvall, Danny Lloyd, Scatman Crothers
MV-90;Ellen Burstyn, Jared Leto, Jennifer Connelly, Marlon Wayans
MV-91;Mel Gibson, Sophie Marceau, Patrick McGoohan, Angus Macfadyen
MV-92;Min-sik Choi, Ji-tae Yu, Hye-jeong Kang, Dae-han Ji
MV-93;Mark Hamill, Harrison Ford, Carrie Fisher, Billy Dee Williams
MV-94;Cary Grant, Eva Marie Saint, James Mason, Jessie Royce Landis
MV-95;Audrey Tautou, Mathieu Kassovitz, Rufus, Lorella Cravotta
MV-96;Robert De Niro, James Woods, Elizabeth McGovern, Treat Williams
MV-97;Aamir Khan, Madhavan, Mona Singh, Sharman Joshi
MV-98;Yôji Matsuda, Yuriko Ishida, Yûko Tanaka, Billy Crudup
MV-99;James Stewart, Kim Novak, Barbara Bel Geddes, Tom Helmore
MV-100;Orson Welles, Joseph Cotton, Dorothy Comingore
MV-101;Jurgen Prochnow, Hubertus Bengsch, Herbert Gronmeyer
MV-102;Peter Lorre, Ellen Widmann, Inge Landgut, Otto Wernicke
MV-103;Payman Maadi, Leila Hatami, Sareh Bayat, Shahab Hosseini
MV-104;Mohammad Amir Naji, Amir Farrokh Hashemian, Bahare Seddiqi, Nafise Jafar-Mohammadi
MV-105;Tyrone Power, Marlene Dietrich, Charles Laughton, Elsa Lanchester
MV-106;Ajay Devgn, Shriya Saran, Tabu, Rajat Kapoor
MV-107;Sener Sen, Ugur Yücel, Sermin Hürmeriç, Yesim Salkim
MV-108;Ryan Gosling, Emma Stone, Rosemarie DeWitt, J.K. Simmons
MV-109;Brad Pitt, Diane Kruger, Eli Roth, Mélanie Laurent
MV-110;Robin Williams, Matt Damon, Ben Affleck, Stellan Skarsgård
MV-111;Jason Statham, Brad Pitt, Benicio Del Toro, Dennis Farina
MV-112;Christian Bale, Michael Caine, Ken Watanabe, Liam Neeson
MV-113;Robert De Niro, Jodie Foster, Cybill Shepherd, Albert Brooks
MV-114;Jim Carrey, Kate Winslet, Tom Wilkinson, Gerry Robert Byrne
MV-115;Malcolm McDowell, Patrick Magee, Michael Bates, Warren Clarke
MV-116;Harvey Keitel, Tim Roth, Michael Madsen, Chris Penn
MV-117;Matthew Modine, R. Lee Ermey, Vincent D'Onofrio, Adam Baldwin
MV-118;Keir Dullea, Gary Lockwood, William Sylvester, Daniel Richter
MV-119;Bruno Ganz, Alexandra Maria Lara, Ulrich Matthes, Juliane Köhler
MV-120;Mads Mikkelsen, Thomas Bo Larsen, Annika Wedderkopp, Lasse Fogelstrøm
MV-121;Kevin Spacey, Russell Crowe, Guy Pearce, Kim Basinger
MV-122;Christian Bale, Justin Theroux, Josh Lucas, Bill Sage
MV-123;Paige O'Hara, Robby Benson, Jesse Corti, Rex Everhart
MV-124;Leonardo DiCaprio, Matt Damon, Jack Nicholson, Mark Wahlberg
MV-125;William H. Macy, Frances McDormand, Steve Buscemi, Peter Stormare
MV-126;Neel Sethi, Bill Murray, Ben Kingsley, Idris Elba
MV-127;Matthew Broderick, Jeremy Irons, James Earl Jones, Whoopi Goldberg
MV-128;Julie Andrews, Dick Van Dyke, David Tomlinson, Glynis Johns
MV-129;Charlton Heston, Roddy McDowall, Kim Hunter, Maurice Evans
MV-130;Al Pacino, Michelle Pfeiffer, Steven Bauer, Mary Elizabeth Mastrantonio
MV-131;Leonardo DiCaprio, Jonah Hill, Margot Robbie, Matthew McConaughey
MV-132;Tom Hanks, Tim Allen, Don Rickles, Jim Varney
MV-133;F. Murray Abraham, Tom Hulce, Elizabeth Berridge, Roy Dotrice
MV-134;Gregory Peck, John Megna, Frank Overton, Rosemary Murphy
MV-135;Graham Chapman, John Cleese, Eric Idle, Terry Gilliam
MV-136;Peter O'Toole, Alec Guinness, Anthony Quinn, Jack Hawkins
MV-137;Tom Hanks, Tim Allen, Joan Cusack, Ned Beatty
MV-138;Marilyn Monroe, Tony Curtis, Jack Lemmon, George Raft
MV-139;Gene Kelly, Donald O'Connor, Debbie Reynolds, Jean Hagen
MV-140;Aleksey Kravchenko, Olga Mironova, Liubomiras Laucevicius, Vladas Bagdonas
MV-141;Brigitte Helm, Alfred Abel, Gustav Fröhlich, Rudolf Klein-Rogge
MV-142;Paul Newman, Robert Redford, Robert Shaw, Charles Durning
MV-143;Orson Welles, Joseph Cotten, Alida Valli, Trevor Howard
MV-144;Clint Eastwood, Lee Van Cleef, Gian Maria Volontè, Mario Brega
MV-145;Jack Lemmon, Shirley MacLaine, Fred MacMurray, Ray Walston
MV-146;Spencer Tracy, Burt Lancaster, Richard Widmark, Marlene Dietrich
MV-147;Bette Davis, Anne Baxter, George Sanders, Celeste Holm
MV-148;Aamir Khan, Soha Ali Khan, Siddharth, Sharman Joshi
MV-149;Fred MacMurray, Barbara Stanwyck, Edward G. Robinson, Byron Barr
MV-150;Toshirô Mifune, Machiko Kyô, Masayuki Mori, Takashi Shimura
MV-151;Lamberto Maggiorani, Enzo Staiola, Lianella Carell, Elena Altieri
MV-152;Anatoliy Solonitsyn, Ivan Lapikov, Nikolay Grinko, Nikolay Sergeev
MV-153;Toshirô Mifune, Eijirô Tôno, Tatsuya Nakadai, Yôko Tsukasa
MV-154;Manoj Bajpayee, Richa Chadha, Nawazuddin Siddiqui, Tigmanshu Dhulia
MV-155;Humphrey Bogart, Walter Huston, Tim Holt, Bruce Bennett
MV-156;Charles Chaplin, Edna Purviance, Jackie Coogan, Carl Miller
MV-157;Takashi Shimura, Nobuo Kaneko, Shin'ichi Himori, Haruo Tanaka
MV-158;Anupam Kher, Naseeruddin Shah, Jimmy Sheirgill, Deepal Shaw
MV-159;George O'Brien, Janet Gaynor, Margaret Livingston, Bodil Rosing
MV-160;Maria Falconetti, Eugene Silvain, André Berley, Maurice Schutz
MV-161;Sanjeev Kumar, Dharmendra, Amitabh Bachchan, Amjad Khan
MV-162;Sanjay Dutt, Arshad Warsi, Gracy Singh, Sunil Dutt
MV-163;Aamir Khan, Salman Khan, Raveena Tandon, Karisma Kapoor
MV-164;Akshay Kumar, Paresh Rawal, Sunil Shetty, Tabu
MV-165;Andrew Garfield, Sam Worthington, Luke Bracey, Teresa Palmer
MV-166;Ewan McGregor, Ewen Bremner, Jonny Lee Miller, Kevin McKidd
MV-167;Harrison Ford, Rutger Hauer, Sean Young, Edward James Olmos
MV-168;Brie Larson, Jacob Tremblay, Sean Bridgers, Wendy Crewson
MV-169;Clark Gable, Vivien Leigh, Thomas Mitchell, Barbara O'Neil
MV-170;Al Pacino, Robert De Niro, Val Kilmer, Jon Voight
MV-171;Jeff Bridges, John Goodman, Julianne Moore, Steve Buscemi
MV-172;Tom Hardy, Nick Nolte, Joel Edgerton, Jennifer Morrison
MV-173;Clint Eastwood, Gene Hackman, Morgan Freeman, Richard Harris
MV-174;Ivana Baquero, Ariadna Gil, Sergi López, Maribel Verdú
MV-175;Amy Poehler, Bill Hader, Lewis Black, Mindy Kaling
MV-176;Russell Crowe, Ed Harris, Jennifer Connelly, Christopher Plummer
MV-177;Robert De Niro, Christopher Walken, John Cazale, John Savage
MV-178;Kurt Russell, Wilford Brimley, Keith David, Richard Masur
MV-179;Jason Flemyng, Dexter Fletcher, Nick Moran, Jason Statham
MV-180;Paul Newman, George Kennedy, Strother Martin, J.D. Cannon
MV-181;Robert De Niro, Cathy Moriarty, Joe Pesci, Frank Vincent
MV-182;Chieko Baishô, Takuya Kimura, Tatsuya Gashûin, Akihiro Miwa
MV-183;Ricardo Darín, Soledad Villamil, Pablo Rago, Carla Quevedo
MV-184;Lubna Azabal, Mélissa Désormeaux-Poulin, Maxim Gaudette, Mustafa Kamel
MV-185;Jack Nicholson, Faye Dunaway, John Huston, Perry Lopez
MV-186;Steve McQueen, James Garner, Richard Attenborough, Charles Bronson
MV-187;Hitoshi Takagi, Noriko Hidaka, Chika Sakamoto, Shigesato Itoi
MV-188;Max von Sydow, Gunnar Björnstrand, Bengt Ekerot, Nils Poppe
MV-189;Marlon Brando, Karl Malden, Lee J. Cobb, Rod Steiger
MV-190;William Holden, Alec Guinness, Jack Hawkins, Sessue Hayakawa
MV-191;Tatsuya Nakadai, Akira Terao, Jinpachi Nezu, Daisuke Ryû
MV-192;Laurence Olivier, Joan Fontaine, George Sanders, Judith Anderson
MV-193;Toni Collette, Philip Seymour Hoffman, Eric Bana, Barry Humphries
MV-194;Ray Milland, Grace Kelly, Robert Cummings, John Williams
MV-195;James Stewart, Jean Arthur, Claude Rains, Edward Arnold
MV-196;Clark Gable, Claudette Colbert, Walter Connolly, Roscoe Karns
MV-197;Victor Sjöström, Bibi Andersson, Ingrid Thulin, Gunnar Björnstrand
MV-198;Yves Montand, Charles Vanel, Peter van Eyck, Folco Lulli
MV-199;Charles Chaplin, Mack Swain, Tom Murray, Henry Bergman
MV-200;Buster Keaton, Marion Mack, Glen Cavender, Jim Farley
MV-201;Giulietta Masina, François Périer, Franca Marzi, Dorian Gray
MV-202;Chris Pratt, Zoe Saldana, Dave Bautista, Vin Diesel
MV-203;Daisy Ridley, John Boyega, Oscar Isaac, Domhnall Gleeson
MV-204;Tom Hardy, Charlize Theron, Nicholas Hoult, Zoë Kravitz
MV-205;Tommy Lee Jones, Javier Bardem, Josh Brolin, Woody Harrelson
MV-206;Ben Affleck, Rosamund Pike, Neil Patrick Harris, Tyler Perry
MV-207;Hugh Jackman, Jake Gyllenhaal, Viola Davis, Melissa Leo
MV-208;Bette Davis, Joan Crawford, Victor Buono, Wesley Addy
MV-209;Mark Ruffalo, Michael Keaton, Rachel McAdams, Liev Schreiber
MV-210;Cary Elwes, Mandy Patinkin, Robin Wright, Chris Sarandon
MV-211;Jake Gyllenhaal, Jena Malone, Mary McDonnell, Holmes Osborne
MV-212;Wil Wheaton, River Phoenix, Corey Feldman, Jerry O'Connell
MV-213;Emile Hirsch, Vince Vaughn, Catherine Keener, Marcia Gay Harden
MV-214;Bruce Willis, Haley Joel Osment, Toni Collette, Olivia Williams
MV-215;Leonardo DiCaprio, Emily Mortimer, Mark Ruffalo, Ben Kingsley
MV-216;Ralph Fiennes, F. Murray Abraham, Mathieu Amalric, Adrien Brody
MV-217;Emma Stone, Viola Davis, Octavia Spencer, Bryce Dallas Howard
MV-218;Daniel Day-Lewis, Paul Dano, Ciarán Hinds, Martin Stringer
MV-219;Leonardo DiCaprio, Tom Hanks, Christopher Walken, Martin Sheen
MV-220;Chiwetel Ejiofor, Michael Kenneth Williams, Michael Fassbender, Brad Pitt
MV-221;Judy Garland, Frank Morgan, Ray Bolger, Bert Lahr
MV-222;Daniel Brühl, Chris Hemsworth, Olivia Wilde, Alexandra Maria Lara
MV-223;Jim Carrey, Ed Harris, Laura Linney, Noah Emmerich
MV-224;Charlie Sheen, Tom Berenger, Willem Dafoe, Keith David
MV-225;Hilary Swank, Clint Eastwood, Morgan Freeman, Jay Baruchel
MV-226;Matt Damon, Edgar Ramírez, Joan Allen, Julia Stiles
MV-227;Alisa Freyndlikh, Aleksandr Kaydanovskiy, Anatoliy Solonitsyn, Nikolay Grinko
MV-228;Darío Grandinetti, María Marull, Mónica Villa, Diego Starosta
MV-229;Richard Gere, Joan Allen, Cary-Hiroyuki Tagawa, Sarah Roemer
MV-230;Jay Baruchel, Gerard Butler, Christopher Mintz-Plasse, Craig Ferguson
MV-231;Woody Allen, Diane Keaton, Tony Roberts, Carol Kane
MV-232;Charlton Heston, Jack Hawkins, Stephen Boyd, Haya Harareet
MV-233;Ethan Hawke, Julie Delpy, Andrea Eckert, Hanno Pöschl
MV-234;Tony Chiu-Wai Leung, Maggie Cheung, Ping Lam Siu, Tung Cho 'Joe' Cheung
MV-235;Don Cheadle, Sophie Okonedo, Joaquin Phoenix, Xolani Mali
MV-236;Paul Newman, Robert Redford, Katharine Ross, Strother Martin
MV-237;Ben Kingsley, John Gielgud, Rohini Hattangadi, Roshan Seth
MV-238;Ryan O'Neal, Marisa Berenson, Patrick Magee, Hardy Krüger
MV-239;Kang-ho Song, Sang-kyung Kim, Roe-ha Kim, Jae-ho Song
MV-240;Graham Chapman, John Cleese, Michael Palin, Terry Gilliam
MV-241;Andy Lau, Tony Chiu-Wai Leung, Anthony Chau-Sang Wong, Eric Tsang
MV-242;Vincent Cassel, Hubert Koundé, Saïd Taghmaoui, Abdel Ahmed Ghili
MV-243;Daniel Day-Lewis, Pete Postlethwaite, Alison Crosbie, Philip King
MV-244;Emilio Echevarría, Gael García Bernal, Goya Toledo, Álvaro Guerrero
MV-245;Faye Dunaway, William Holden, Peter Finch, Robert Duvall
MV-246;Sumi Shimamoto, Mahito Tsujimura, Hisako Kyôda, Gorô Naya
MV-247;Humphrey Bogart, Mary Astor, Gladys George, Peter Lorre
MV-248;Bibi Andersson, Liv Ullmann, Margaretha Krook, Gunnar Björnstrand
MV-249;Henry Fonda, Jane Darwell, John Carradine, Charley Grapewin
MV-250;Roy Scheider, Robert Shaw, Richard Dreyfuss, Lorraine Gary
